id,first_name,last_name,email,password,address,age,foo
1,Abe,Abeson,abe.abeson@foo.com,abeabeson,123 Abe street,50,abelony
2,Betty,Bettyson,betty.bettyson@foo.com,bettybettyson,123 Betty street,51,bettlelony
3,Charly,Charlyson,charly.charlyson@foo.com,charlycharlyson,123 Charly street,52,charlelony
4,Delta,Deltason,delta.deltason@foo.com,deltadeltason,123 Delta street,53,deltalony
5,Echo,Echoson,echo.echoson@foo.com,echoechoson,123 Echo street,54,echolony